{"cameraMode":{"drawMode":0,"name":"Shaded","section":"Shading Mode"},"sceneLighting":true,"audioPlay":false,"sceneViewState":{"m_AlwaysRefresh":false,"showFog":true,"showSkybox":true,"showFlares":true,"showImageEffects":true,"showParticleSystems":true,"showVisualEffectGraphs":true,"m_FxEnabled":true},"in2DMode":false,"pivot":{"x":41.99674606323242,"y":13.521132469177246,"z":58.198123931884769},"rotation":{"x":-0.14822429418563844,"y":-0.3733804225921631,"z":0.060572270303964618,"w":-0.9137954711914063},"size":9.126947402954102,"orthographic":false}